transaction_id,timestamp,sender_id,receiver_id,amount,currency,payment_channel,city,country,merchant_category,transaction_type,risk_score,is_structured,rapid_movement_flag,suspicious_flag,ml_label
T100000,2024-01-01 15:38:00,SND1092,RCV2071,264.44,INR,UPI,Ahmedabad,India,Grocery,payment,12.76,0,0,1,0
T100001,2024-01-07 17:50:00,SND1160,RCV2021,241512.37,INR,NEFT,Surat,India,Retail,cash_withdrawal,55.95,0,0,0,0
T100002,2024-01-01 16:04:00,SND1063,RCV2134,110.9,INR,Card,Delhi,India,Grocery,payment,8.76,0,0,0,0
T100003,2024-01-01 06:20:00,SND1080,RCV2001,359.68,INR,NEFT,Delhi,India,Hospitality,cash_withdrawal,8.32,0,0,0,0
T100004,2024-01-01 03:05:00,SND1189,RCV2207,1173.79,INR,NEFT,Jaipur,India,Electronics,payment,24.86,1,0,0,0
T100005,2024-01-01 07:23:00,SND1062,RCV2080,2352.23,INR,NEFT,Surat,India,Grocery,payment,14.22,0,0,0,0
T100006,2024-01-01 02:11:00,SND1150,RCV2292,1532.33,INR,IMPS,Mumbai,India,Grocery,cash_withdrawal,27.02,0,0,1,0
T100007,2024-01-02 17:20:00,SND_HF_13,RCV2178,1527.59,INR,UPI,Kolkata,India,Services,payment,31.04,0,0,0,0
T100008,2024-01-01 02:40:00,SND1186,RCV2283,2486.33,INR,NEFT,Hyderabad,India,Grocery,payment,34.44,0,0,0,0
T100009,2024-01-04 07:06:00,SND1128,RCV2120,2967.02,INR,UPI,Ahmedabad,India,Jewellery,payment,35.7,0,0,1,0
T100010,2024-01-01 08:13:00,SND1179,RCV2051,1797.59,INR,IMPS,Chennai,India,Electronics,payment,20.9,1,0,0,0
T100011,2024-01-01 09:07:00,SND1129,RCV2217,425.72,INR,RTGS,Ahmedabad,India,Electronics,transfer,56.95,0,0,0,0
T100012,2024-01-02 01:34:00,SND1143,RCV2123,1795.17,INR,IMPS,Kolkata,India,Retail,payment,29.74,0,0,0,0
T100013,2024-01-04 20:00:00,SND1128,RCV2150,1795.03,INR,UPI,Surat,India,Services,payment,1.66,0,0,0,0
T100014,2024-01-02 03:14:00,SND1159,RCV2008,1817.75,INR,IMPS,Kolkata,India,Services,transfer,9.8,0,0,0,0
T100015,2024-01-01 00:18:00,SND1098,RCV2193,1593.16,INR,UPI,Mumbai,India,Retail,payment,23.48,0,0,0,0
T100016,2024-01-02 18:32:00,SND1127,RCV2021,5428.46,INR,UPI,Hyderabad,India,Services,payment,39.51,0,0,1,0
T100017,2024-01-01 23:03:00,SND_HF_17,RCV2016,962.16,INR,UPI,Hyderabad,India,Grocery,payment,0.0,0,0,0,0
T100018,2024-01-05 14:27:00,SND1115,RCV2160,288.58,INR,NEFT,Hyderabad,India,Travel,payment,23.46,0,0,0,0
T100019,2024-01-03 21:57:00,SND1016,RCV2298,1217.19,INR,UPI,Surat,India,Hospitality,payout,7.87,0,0,0,0
T100020,2024-01-03 05:21:00,SND1064,RCV2141,628.72,INR,UPI,Delhi,India,Grocery,transfer,6.3,0,0,0,0
T100021,2024-01-01 09:36:00,SND1169,RCV2053,603.24,INR,IMPS,Chennai,India,Grocery,transfer,13.17,0,0,0,0
T100022,2024-01-01 04:57:00,SND1143,RCV2123,72.9,INR,UPI,Bengaluru,India,Grocery,payment,27.57,0,0,1,0
T100023,2024-01-01 09:36:00,SND1125,RCV2088,502.62,INR,Card,Pune,India,CryptoExchange,payment,52.59,1,0,1,1
T100024,2024-01-01 04:16:00,SND1028,RCV2068,569.67,INR,Card,Chennai,India,Grocery,payment,0.0,0,0,0,0
T100025,2024-01-02 07:53:00,SND1068,RCV2179,1484.69,INR,NEFT,Mumbai,India,Jewellery,transfer,21.95,0,0,0,0
T100026,2024-01-02 09:43:00,SND1083,RCV2177,216.31,INR,IMPS,Chennai,India,CryptoExchange,transfer,13.3,0,0,1,1
T100027,2024-01-02 08:05:00,SND1080,RCV2092,45.32,INR,IMPS,Jaipur,India,Grocery,transfer,28.87,0,0,1,0
T100028,2024-01-01 18:02:00,SND1163,RCV2191,1983.18,INR,UPI,Mumbai,India,Hospitality,payment,43.29,0,0,0,0
T100029,2024-01-01 23:27:00,SND1111,RCV2186,92.45,INR,Card,Bengaluru,India,Retail,payment,13.41,0,0,0,0
T100030,2024-01-02 09:18:00,SND1116,RCV2024,368.77,INR,Card,Jaipur,India,Retail,cash_withdrawal,47.2,0,0,0,0
T100031,2024-01-03 19:12:00,SND1006,RCV2167,2597.78,INR,IMPS,Chennai,India,Jewellery,payment,42.69,0,0,1,0
T100032,2024-01-04 07:25:00,SND1044,RCV2069,995.71,INR,UPI,Pune,India,Grocery,cash_withdrawal,19.71,1,0,1,0
T100033,2024-01-01 04:12:00,SND1060,RCV2000,416.74,INR,UPI,Mumbai,India,Retail,payment,4.96,0,0,0,0
T100034,2024-01-02 03:03:00,SND1046,RCV2212,124.99,INR,NEFT,Kolkata,India,Retail,payment,9.47,0,0,0,0
T100035,2024-01-02 20:31:00,SND1011,RCV2271,922.26,INR,NEFT,Ahmedabad,India,Retail,refund,5.49,0,0,0,0
T100036,2024-01-01 14:53:00,SND1191,RCV2144,804.52,INR,NEFT,Bengaluru,India,Hospitality,cash_withdrawal,31.13,0,0,0,0
T100037,2024-01-01 01:32:00,SND1118,RCV2064,6338.44,INR,UPI,Surat,India,Grocery,cash_withdrawal,42.15,0,0,0,0
T100038,2024-01-01 17:51:00,SND_HF_23,RCV2005,1156.47,INR,IMPS,Bengaluru,India,RealEstate,transfer,22.89,0,0,0,0
T100039,2024-01-02 13:07:00,SND_HF_8,RCV2038,1111.92,INR,IMPS,Delhi,India,Services,payment,0.0,0,0,0,0
T100040,2024-01-01 04:47:00,SND1046,RCV2228,1836.5,INR,UPI,Hyderabad,India,Forex,cash_withdrawal,60.25,1,0,0,0
T100041,2024-01-01 19:58:00,SND1078,RCV2246,1804.21,INR,IMPS,Surat,India,Services,payment,39.11,0,0,0,0
T100042,2024-01-01 22:36:00,SND1125,RCV2239,1165.9,INR,UPI,Hyderabad,India,Travel,payment,8.71,0,0,0,0
T100043,2024-01-02 06:42:00,SND_HF_5,RCV2091,58.48,INR,NEFT,Chennai,India,Grocery,payment,45.11,0,0,0,0
T100044,2024-01-01 01:20:00,SND1046,RCV2238,266.14,INR,UPI,Mumbai,India,Electronics,transfer,8.95,0,0,0,0
T100045,2024-01-02 08:06:00,SND1077,RCV2153,446.4,INR,IMPS,Pune,India,Jewellery,payment,35.84,0,0,0,0
T100046,2024-01-01 10:27:00,SND_HF_25,RCV2272,605.12,INR,UPI,Mumbai,India,Grocery,payment,40.15,0,0,0,0
T100047,2024-01-02 03:11:00,SND1167,RCV2082,627.48,INR,IMPS,Delhi,India,Electronics,payment,0.39,0,0,0,0
T100048,2024-01-01 08:30:00,SND1069,RCV2003,147.99,INR,IMPS,Ahmedabad,India,Services,payment,0.0,0,0,0,0
T100049,2024-01-05 20:18:00,SND_HF_22,RCV2093,1666.84,INR,Card,Ahmedabad,India,Grocery,transfer,30.27,0,0,0,0
T100050,2024-01-01 07:25:00,SND1019,RCV2046,2200.1,INR,UPI,Kolkata,India,Grocery,payment,8.78,0,0,0,0
T100051,2024-01-02 14:27:00,SND1083,RCV2100,410052.92,INR,UPI,Hyderabad,India,Grocery,payment,43.94,0,0,0,0
T100052,2024-01-01 04:25:00,SND1119,RCV2075,3924.67,INR,IMPS,Ahmedabad,India,Hospitality,transfer,27.74,0,0,0,0
T100053,2024-01-04 07:29:00,SND1088,RCV2088,912.08,INR,IMPS,Bengaluru,India,CryptoExchange,payment,40.91,0,0,0,0
T100054,2024-01-02 01:17:00,SND1052,RCV2038,4225.93,INR,NEFT,Ahmedabad,India,Travel,payment,19.81,0,0,0,0
T100055,2024-01-02 22:31:00,SND1154,RCV2253,1887.98,INR,UPI,Surat,India,Grocery,transfer,35.82,1,0,1,0
T100056,2024-01-01 16:52:00,SND1156,RCV2156,1931.56,INR,IMPS,Bengaluru,India,Travel,payment,8.39,0,0,0,0
T100057,2024-01-01 17:04:00,SND1046,RCV2217,1067.49,INR,NEFT,Ahmedabad,India,Services,cash_withdrawal,1.33,0,0,0,0
T100058,2024-01-02 16:56:00,SND1105,RCV2286,837.81,INR,IMPS,Ahmedabad,India,Hospitality,cash_withdrawal,15.06,0,0,0,0
T100059,2024-01-01 13:27:00,SND1181,RCV2148,2055.33,INR,UPI,Jaipur,India,Retail,payment,12.95,0,0,0,0
T100060,2024-01-01 14:10:00,SND1161,RCV2127,913.42,INR,UPI,Ahmedabad,India,Forex,payment,18.63,0,0,0,0
T100061,2024-01-01 20:28:00,SND1147,RCV2062,1056.32,INR,NEFT,Pune,India,Grocery,transfer,33.59,0,0,0,0
T100062,2024-01-01 15:48:00,SND1143,RCV2017,1887.96,INR,NEFT,Hyderabad,India,Grocery,payment,2.34,0,0,0,0
T100063,2024-01-01 15:34:00,SND1109,RCV2086,2756.89,INR,IMPS,Ahmedabad,India,Retail,payment,23.06,0,0,1,0
T100064,2024-01-01 03:39:00,SND1066,RCV2091,167.11,INR,UPI,Ahmedabad,India,Hospitality,cash_withdrawal,0.0,1,0,0,0
T100065,2024-01-03 14:49:00,SND1111,RCV2035,1835.82,INR,Card,Chennai,India,Grocery,payment,6.49,0,0,0,0
T100066,2024-01-02 08:37:00,SND1165,RCV2225,381.75,INR,Card,Ahmedabad,India,Retail,payment,19.7,0,0,0,0
T100067,2024-01-02 21:07:00,SND1193,RCV2200,2712.08,INR,Card,Surat,India,Services,transfer,25.0,0,0,0,0
T100068,2024-01-03 08:15:00,SND1040,RCV2016,1042.13,INR,IMPS,Chennai,India,Retail,payment,44.31,0,0,0,0
T100069,2024-01-01 18:05:00,SND1189,RCV2063,4787.7,INR,UPI,Chennai,India,Forex,payment,56.34,0,0,0,0
T100070,2024-01-01 11:45:00,SND1053,RCV2110,227.54,INR,UPI,Surat,India,Retail,payment,11.37,0,0,0,0
T100071,2024-01-03 01:07:00,SND1072,RCV2016,1840.79,INR,NEFT,Jaipur,India,Electronics,transfer,21.83,0,0,0,0
T100072,2024-01-02 05:44:00,SND1018,RCV2016,895.9,INR,UPI,Ahmedabad,India,Hospitality,refund,32.07,0,0,0,0
T100073,2024-01-02 10:40:00,SND1058,RCV2025,1844.1,INR,Card,Pune,India,RealEstate,payment,45.21,1,0,1,0
T100074,2024-01-01 04:04:00,SND1058,RCV2081,94.67,INR,UPI,Surat,India,CryptoExchange,transfer,48.16,0,0,0,0
T100075,2024-01-01 17:16:00,SND1038,RCV2003,585.74,INR,NEFT,Surat,India,Services,payment,0.0,0,0,0,0
T100076,2024-01-01 06:50:00,SND1017,RCV2226,24.3,INR,UPI,Mumbai,India,Grocery,payment,33.8,0,0,0,0
T100077,2024-01-01 18:14:00,SND1132,RCV2176,666.88,INR,UPI,Kolkata,India,Travel,payment,24.71,0,0,1,0
T100078,2024-01-01 03:51:00,SND1120,RCV2139,2409.15,INR,UPI,Hyderabad,India,Services,payout,32.47,0,0,1,0
T100079,2024-01-01 17:06:00,SND1092,RCV2242,403.35,INR,UPI,Surat,India,Retail,cash_withdrawal,23.11,0,0,0,0
T100080,2024-01-01 08:07:00,SND1008,RCV2240,766.87,INR,IMPS,Mumbai,India,Retail,transfer,9.42,0,0,0,0
T100081,2024-01-01 03:11:00,SND1104,RCV2122,3303.94,INR,Card,Surat,India,Hospitality,transfer,9.45,0,0,0,0
T100082,2024-01-01 15:32:00,SND1071,RCV2175,136.78,INR,UPI,Chennai,India,Services,payment,20.65,0,0,0,0
T100083,2024-01-02 02:09:00,SND1032,RCV2146,432.12,INR,UPI,Jaipur,India,Grocery,payment,35.46,0,0,0,0
T100084,2024-01-01 06:59:00,SND1132,RCV2248,2631.47,INR,UPI,Chennai,India,Travel,payment,26.27,0,1,1,0
T100085,2024-01-02 07:59:00,SND1112,RCV2222,23.67,INR,IMPS,Hyderabad,India,Electronics,payment,26.01,0,0,0,0
T100086,2024-01-01 06:35:00,SND1036,RCV2195,2220.09,INR,Card,Mumbai,India,Hospitality,transfer,9.57,1,0,0,0
T100087,2024-01-02 13:34:00,SND1163,RCV2006,2594.86,INR,UPI,Bengaluru,India,Electronics,payment,19.38,0,0,0,0
T100088,2024-01-01 03:35:00,SND1038,RCV2284,384.17,INR,UPI,Kolkata,India,CryptoExchange,payment,43.15,0,0,1,1
T100089,2024-01-06 17:47:00,SND1000,RCV2014,345.39,INR,IMPS,Ahmedabad,India,Grocery,payout,18.51,0,0,0,0
T100090,2024-01-03 19:39:00,SND1052,RCV2026,2157.09,INR,NEFT,Chennai,India,Services,cash_withdrawal,17.58,1,0,0,0
T100091,2024-01-01 09:28:00,SND1008,RCV2213,480.0,INR,IMPS,Mumbai,India,Retail,payment,0.0,0,0,0,0
T100092,2024-01-01 11:29:00,SND1044,RCV2101,1942.58,INR,IMPS,Jaipur,India,Electronics,cash_withdrawal,19.95,0,0,0,0
T100093,2024-01-01 00:19:00,SND1096,RCV2288,139.17,INR,IMPS,Surat,India,Grocery,payment,2.62,0,0,0,0
T100094,2024-01-01 07:26:00,SND1118,RCV2122,4138.29,INR,UPI,Jaipur,India,Travel,payout,33.43,0,0,1,0
T100095,2024-01-04 03:04:00,SND1131,RCV2021,1557.46,INR,NEFT,Surat,India,Grocery,transfer,29.53,0,0,0,0
T100096,2024-01-02 07:52:00,SND1146,RCV2172,2348.82,INR,RTGS,Bengaluru,India,Retail,payment,0.33,0,0,0,0
T100097,2024-01-01 17:12:00,SND1188,RCV2206,941.58,INR,IMPS,Surat,India,Travel,payment,37.98,0,0,0,0
T100098,2024-01-01 01:21:00,SND1176,RCV2104,1947.88,INR,UPI,Delhi,India,Forex,transfer,19.35,0,0,0,0
T100099,2024-01-03 01:52:00,SND1099,RCV2086,709.85,INR,NEFT,Chennai,India,Services,payment,0.0,0,0,0,0
T100100,2024-01-02 00:06:00,SND1083,RCV2144,5240.74,INR,UPI,Chennai,India,Retail,payment,0.0,0,0,0,0
T100101,2024-01-01 19:26:00,SND1079,RCV2265,246.31,INR,UPI,Ahmedabad,India,Forex,transfer,51.53,0,1,0,0
T100102,2024-01-02 12:20:00,SND1164,RCV2119,1330.5,INR,IMPS,Kolkata,India,Electronics,payment,30.91,1,0,0,0
T100103,2024-01-04 18:32:00,SND1068,RCV2178,250.86,INR,Card,Ahmedabad,India,Travel,payment,20.78,0,0,0,0
T100104,2024-01-01 09:46:00,SND1170,RCV2293,55.65,INR,UPI,Delhi,India,Electronics,transfer,10.64,0,0,0,0
T100105,2024-01-03 12:41:00,SND1170,RCV2113,2675.7,INR,IMPS,Mumbai,India,Retail,cash_withdrawal,48.71,0,0,1,0
T100106,2024-01-02 11:51:00,SND1052,RCV2089,270.26,INR,NEFT,Jaipur,India,Services,cash_withdrawal,14.98,0,0,0,0
T100107,2024-01-03 00:17:00,SND1131,RCV2081,582.32,INR,IMPS,Mumbai,India,Retail,payment,23.09,1,0,0,0
T100108,2024-01-01 16:48:00,SND1148,RCV2092,416.82,INR,UPI,Hyderabad,India,Retail,refund,36.34,0,0,0,0
T100109,2024-01-02 00:24:00,SND1197,RCV2220,727.53,INR,UPI,Chennai,India,Electronics,payment,43.01,0,0,0,0
T100110,2024-01-02 17:53:00,SND_HF_23,RCV2106,1365454.49,INR,IMPS,Jaipur,India,CryptoExchange,payment,59.79,0,0,0,0
T100111,2024-01-02 12:57:00,SND1156,RCV2290,150.85,INR,IMPS,Delhi,India,Electronics,payment,0.0,1,0,0,0
T100112,2024-01-01 06:40:00,SND1140,RCV2240,454.71,INR,Card,Kolkata,India,Retail,transfer,27.16,1,1,0,0
T100113,2024-01-02 00:07:00,SND1136,RCV2270,804.07,INR,IMPS,Ahmedabad,India,Hospitality,payment,0.0,0,0,0,0
T100114,2024-01-03 15:29:00,SND1166,RCV2145,253.26,INR,UPI,Chennai,India,Retail,transfer,14.69,1,1,0,0
T100115,2024-01-02 07:08:00,SND1159,RCV2077,100.35,INR,UPI,Bengaluru,India,Forex,transfer,40.66,0,0,1,1
T100116,2024-01-01 13:54:00,SND1045,RCV2217,3549.13,INR,IMPS,Kolkata,India,Retail,payout,11.27,0,0,1,0
T100117,2024-01-02 00:24:00,SND1129,RCV2026,484.43,INR,NEFT,Bengaluru,India,Jewellery,payment,16.44,0,0,0,0
T100118,2024-01-02 03:11:00,SND1097,RCV2115,1249.32,INR,Card,Jaipur,India,Retail,payment,38.74,1,0,0,0
T100119,2024-01-01 21:28:00,SND1029,RCV2114,7345.98,INR,Card,Mumbai,India,Hospitality,payment,15.5,0,0,0,0
T100120,2024-01-01 04:33:00,SND1015,RCV2225,197.75,INR,UPI,Delhi,India,Grocery,payment,20.9,0,0,0,0
T100121,2024-01-03 20:52:00,SND1005,RCV2142,2870.0,INR,UPI,Mumbai,India,Retail,transfer,0.0,0,0,0,0
T100122,2024-01-03 06:39:00,SND1079,RCV2013,783.71,INR,UPI,Delhi,India,Electronics,cash_withdrawal,30.68,0,0,0,0
T100123,2024-01-02 07:04:00,SND1064,RCV2237,1057.44,INR,UPI,Jaipur,India,CryptoExchange,payment,36.37,0,0,1,1
T100124,2024-01-03 01:58:00,SND1127,RCV2140,3142.48,INR,UPI,Hyderabad,India,Retail,payment,0.0,0,0,0,0
T100125,2024-01-01 07:55:00,SND1125,RCV2252,539.36,INR,UPI,Jaipur,India,Retail,payment,38.85,0,0,0,0
T100126,2024-01-01 02:08:00,SND1003,RCV2039,1442.62,INR,UPI,Kolkata,India,CryptoExchange,transfer,46.25,0,0,0,0
T100127,2024-01-01 21:54:00,SND1198,RCV2085,438.69,INR,UPI,Chennai,India,Retail,payment,30.1,0,0,0,0
T100128,2024-01-01 08:04:00,SND1180,RCV2172,706.41,INR,UPI,Chennai,India,Hospitality,payment,2.1,0,0,0,0
T100129,2024-01-01 15:42:00,SND1179,RCV2041,3349.61,INR,Card,Mumbai,India,CryptoExchange,cash_withdrawal,40.58,1,0,0,0
T100130,2024-01-01 09:43:00,SND1020,RCV2246,3392.38,INR,NEFT,Mumbai,India,Retail,payment,26.9,0,0,1,0
T100131,2024-01-01 02:57:00,SND1042,RCV2151,1075.68,INR,UPI,Kolkata,India,Grocery,transfer,9.83,0,0,0,0
T100132,2024-01-01 03:27:00,SND1093,RCV2007,41.75,INR,UPI,Mumbai,India,Electronics,transfer,0.0,0,0,0,0
T100133,2024-01-03 01:40:00,SND1168,RCV2118,5196.12,INR,IMPS,Ahmedabad,India,Retail,payment,42.52,0,0,0,0
T100134,2024-01-01 05:40:00,SND1009,RCV2182,717.39,INR,NEFT,Surat,India,Forex,cash_withdrawal,21.69,0,0,0,0
T100135,2024-01-03 08:25:00,SND1118,RCV2267,446.01,INR,IMPS,Chennai,India,Services,transfer,15.03,0,0,1,0
T100136,2024-01-01 12:51:00,SND1149,RCV2021,1962.64,INR,UPI,Chennai,India,Travel,transfer,20.46,0,0,0,0
T100137,2024-01-02 05:44:00,SND1183,RCV2117,1761.39,INR,IMPS,Jaipur,India,Hospitality,payment,0.0,0,1,0,0
T100138,2024-01-02 19:12:00,SND1192,RCV2223,1617.49,INR,UPI,Chennai,India,Travel,refund,12.28,0,0,1,0
T100139,2024-01-02 23:42:00,SND1053,RCV2013,2142.42,INR,RTGS,Bengaluru,India,Hospitality,payment,3.35,0,0,0,0
T100140,2024-01-02 10:22:00,SND1137,RCV2226,1641.7,INR,UPI,Pune,India,Retail,refund,37.5,1,0,0,0
T100141,2024-01-02 10:16:00,SND1079,RCV2253,1382.07,INR,NEFT,Bengaluru,India,Grocery,payment,11.41,1,0,0,0
T100142,2024-01-02 16:59:00,SND1158,RCV2018,249.29,INR,UPI,Pune,India,Electronics,payment,31.6,0,0,0,0
T100143,2024-01-01 22:51:00,SND1046,RCV2197,2072.85,INR,IMPS,Surat,India,Forex,payment,45.48,0,1,1,1
T100144,2024-01-03 11:23:00,SND1197,RCV2050,460.23,INR,UPI,Bengaluru,India,Grocery,payment,0.0,0,0,0,0
T100145,2024-01-01 01:42:00,SND1038,RCV2128,20.58,INR,UPI,Jaipur,India,Hospitality,transfer,8.01,0,0,0,0
T100146,2024-01-01 11:03:00,SND1134,RCV2219,5533.43,INR,UPI,Surat,India,Hospitality,payment,22.61,1,0,0,0
T100147,2024-01-01 14:09:00,SND1177,RCV2006,415.32,INR,IMPS,Kolkata,India,Retail,payout,17.46,0,0,0,0
T100148,2024-01-02 08:38:00,SND1164,RCV2081,1947.33,INR,UPI,Mumbai,India,Grocery,cash_withdrawal,0.0,1,0,0,0
T100149,2024-01-01 09:37:00,SND1070,RCV2288,192.86,INR,IMPS,Surat,India,Jewellery,transfer,53.45,0,0,0,0
T100150,2024-01-01 18:39:00,SND1004,RCV2111,163.98,INR,IMPS,Bengaluru,India,CryptoExchange,payment,41.44,0,0,0,0
T100151,2024-01-01 07:29:00,SND1134,RCV2153,2130.51,INR,NEFT,Ahmedabad,India,Retail,transfer,9.08,0,0,0,0
T100152,2024-01-02 03:22:00,SND1027,RCV2065,945.24,INR,Card,Mumbai,India,Grocery,transfer,7.95,0,0,0,0
T100153,2024-01-01 07:15:00,SND1011,RCV2296,1520.07,INR,IMPS,Ahmedabad,India,Jewellery,payment,16.16,0,0,0,0
T100154,2024-01-04 03:49:00,SND1106,RCV2219,315.42,INR,IMPS,Chennai,India,Grocery,refund,20.36,0,0,0,0
T100155,2024-01-02 12:44:00,SND1012,RCV2101,1611.25,INR,UPI,Chennai,India,RealEstate,payment,60.57,0,0,0,0
T100156,2024-01-01 06:55:00,SND1008,RCV2133,576.08,INR,UPI,Jaipur,India,Grocery,payment,12.52,0,0,0,0
T100157,2024-01-01 03:32:00,SND1162,RCV2040,328.42,INR,NEFT,Pune,India,CryptoExchange,payment,56.72,0,0,0,0
T100158,2024-01-01 04:29:00,SND1015,RCV2247,298.34,INR,IMPS,Mumbai,India,Hospitality,payment,40.64,0,0,1,0
T100159,2024-01-01 01:07:00,SND1116,RCV2141,407.44,INR,IMPS,Delhi,India,CryptoExchange,payout,40.19,0,0,0,0
T100160,2024-01-01 08:34:00,SND1071,RCV2146,186.02,INR,UPI,Jaipur,India,Grocery,payment,28.11,0,0,0,0
T100161,2024-01-02 03:18:00,SND1123,RCV2274,189.16,INR,IMPS,Kolkata,India,Retail,payment,33.27,1,0,0,0
T100162,2024-01-02 06:24:00,SND1186,RCV2040,3507.94,INR,IMPS,Jaipur,India,Grocery,payment,38.58,0,0,0,0
T100163,2024-01-03 03:53:00,SND1148,RCV2275,1015.24,INR,IMPS,Jaipur,India,Services,transfer,21.72,0,0,0,0
T100164,2024-01-02 00:17:00,SND1174,RCV2075,231.92,INR,UPI,Kolkata,India,Grocery,refund,38.33,0,0,0,0
T100165,2024-01-01 03:40:00,SND1149,RCV2066,4519.62,INR,NEFT,Pune,India,Services,payment,46.24,0,0,1,0
T100166,2024-01-01 01:21:00,SND_HF_8,RCV2092,1471.36,INR,UPI,Kolkata,India,Electronics,payment,15.36,0,0,0,0
T100167,2024-01-01 11:34:00,SND1125,RCV2036,2567.33,INR,NEFT,Pune,India,Forex,payment,27.23,1,0,0,0
T100168,2024-01-01 06:01:00,SND1167,RCV2071,1887.82,INR,NEFT,Mumbai,India,Hospitality,cash_withdrawal,12.75,0,0,0,0
T100169,2024-01-02 14:40:00,SND1193,RCV2160,700.8,INR,UPI,Ahmedabad,India,Hospitality,payment,22.2,1,0,0,0
T100170,2024-01-02 12:48:00,SND1104,RCV2265,234.27,INR,UPI,Pune,India,Services,transfer,20.88,1,1,0,0
T100171,2024-01-01 11:39:00,SND1064,RCV2212,375.12,INR,UPI,Ahmedabad,India,CryptoExchange,transfer,27.68,0,0,0,0
T100172,2024-01-01 12:11:00,SND1121,RCV2287,2933.28,INR,Card,Pune,India,Electronics,payment,39.57,0,0,0,0
T100173,2024-01-01 06:05:00,SND1164,RCV2055,4406.17,INR,UPI,Surat,India,CryptoExchange,refund,11.81,1,0,0,0
T100174,2024-01-02 13:40:00,SND1068,RCV2175,6648.78,INR,UPI,Kolkata,India,Retail,cash_withdrawal,3.28,1,0,0,0
T100175,2024-01-01 17:49:00,SND_HF_27,RCV2124,522.14,INR,Card,Chennai,India,Services,payment,21.47,0,0,0,0
T100176,2024-01-06 17:51:00,SND1076,RCV2125,740.45,INR,UPI,Kolkata,India,Services,payment,0.98,0,0,0,0
T100177,2024-01-03 10:26:00,SND1108,RCV2020,1233.68,INR,UPI,Ahmedabad,India,Services,payment,21.85,0,0,0,0
T100178,2024-01-02 20:12:00,SND1081,RCV2248,938.3,INR,IMPS,Ahmedabad,India,Retail,payment,0.0,0,0,0,0
T100179,2024-01-02 01:24:00,SND_HF_22,RCV2004,493.96,INR,IMPS,Hyderabad,India,Retail,payment,23.61,0,0,0,0
T100180,2024-01-02 05:37:00,SND1101,RCV2215,1406.18,INR,Card,Bengaluru,India,Forex,payout,40.73,0,0,0,0
T100181,2024-01-01 07:27:00,SND1072,RCV2224,106.74,INR,IMPS,Chennai,India,Jewellery,refund,47.81,1,0,0,0
T100182,2024-01-02 18:45:00,SND1053,RCV2125,2580.51,INR,UPI,Bengaluru,India,Electronics,cash_withdrawal,34.3,0,1,0,0
T100183,2024-01-03 11:53:00,SND1000,RCV2140,2207.51,INR,RTGS,Mumbai,India,Hospitality,refund,27.7,1,0,1,0
T100184,2024-01-01 17:26:00,SND_HF_11,RCV2071,2487.23,INR,Card,Delhi,India,Retail,payment,25.86,1,0,0,0
T100185,2024-01-01 21:41:00,SND1065,RCV2012,365.7,INR,IMPS,Bengaluru,India,Hospitality,cash_withdrawal,31.89,0,0,0,0
T100186,2024-01-01 21:34:00,SND1064,RCV2157,1397.59,INR,UPI,Jaipur,India,Hospitality,payment,30.17,0,0,0,0
T100187,2024-01-02 09:47:00,SND1113,RCV2052,1216.12,INR,NEFT,Pune,India,Travel,payment,26.09,0,0,0,0
T100188,2024-01-02 18:38:00,SND1104,RCV2078,324.3,INR,IMPS,Delhi,India,Electronics,transfer,7.12,1,0,0,0
T100189,2024-01-03 13:39:00,SND1171,RCV2140,720.57,INR,Card,Bengaluru,India,Retail,transfer,36.88,0,0,0,0
T100190,2024-01-02 16:33:00,SND1137,RCV2212,1656.65,INR,Card,Mumbai,India,Travel,cash_withdrawal,17.22,0,0,1,0
T100191,2024-01-01 23:00:00,SND1102,RCV2040,186.45,INR,NEFT,Bengaluru,India,Grocery,payment,0.0,0,0,0,0
T100192,2024-01-03 15:18:00,SND1015,RCV2165,3192.36,INR,UPI,Pune,India,Forex,payment,45.42,0,0,0,0
T100193,2024-01-02 17:37:00,SND1181,RCV2020,697.79,INR,UPI,Hyderabad,India,Hospitality,payment,6.47,1,0,0,0
T100194,2024-01-04 08:39:00,SND_HF_4,RCV2137,2008.85,INR,UPI,Hyderabad,India,Electronics,transfer,41.18,0,0,1,0
T100195,2024-01-01 04:42:00,SND1026,RCV2169,2478.81,INR,UPI,Hyderabad,India,Grocery,payment,11.74,0,0,0,0
T100196,2024-01-02 10:13:00,SND_HF_11,RCV2134,1698.57,INR,NEFT,Ahmedabad,India,Hospitality,transfer,0.0,0,0,0,0
T100197,2024-01-01 09:26:00,SND1155,RCV2123,99.38,INR,Card,Jaipur,India,Electronics,payment,5.96,0,0,0,0
T100198,2024-01-03 02:00:00,SND1016,RCV2198,1470.93,INR,IMPS,Bengaluru,India,Retail,transfer,0.53,0,0,0,0
T100199,2024-01-04 11:09:00,SND1181,RCV2046,1766.77,INR,RTGS,Delhi,India,Retail,refund,43.67,0,0,0,0
T100200,2024-01-02 01:08:00,SND1014,RCV2121,128.95,INR,UPI,Hyderabad,India,Hospitality,payment,17.45,0,0,0,0
T100201,2024-01-04 03:59:00,SND1107,RCV2239,1133.73,INR,UPI,Hyderabad,India,Retail,refund,0.29,0,0,0,0
T100202,2024-01-02 00:38:00,SND1075,RCV2088,300.55,INR,UPI,Delhi,India,Services,payment,26.39,0,0,0,0
T100203,2024-01-02 18:14:00,SND1093,RCV2038,4844.62,INR,IMPS,Hyderabad,India,Forex,transfer,40.98,0,0,0,0
T100204,2024-01-01 01:34:00,SND1169,RCV2054,160.39,INR,UPI,Jaipur,India,Grocery,payout,19.89,0,0,0,0
T100205,2024-01-01 03:10:00,SND1093,RCV2112,493.51,INR,NEFT,Kolkata,India,Grocery,payment,29.23,0,0,0,0
T100206,2024-01-03 21:56:00,SND1147,RCV2265,2100.11,INR,UPI,Mumbai,India,Retail,payout,0.0,0,0,0,0
T100207,2024-01-01 11:03:00,SND1187,RCV2153,825.66,INR,IMPS,Surat,India,Services,payment,49.75,0,0,1,0
T100208,2024-01-02 06:01:00,SND1045,RCV2270,934.29,INR,UPI,Ahmedabad,India,Retail,transfer,10.21,0,0,0,0
T100209,2024-01-01 01:32:00,SND1115,RCV2068,1196.8,INR,NEFT,Jaipur,India,Retail,payment,38.2,0,0,1,0
T100210,2024-01-01 00:20:00,SND1002,RCV2037,1545.13,INR,UPI,Pune,India,Forex,payout,21.87,1,0,0,0
T100211,2024-01-01 17:20:00,SND1015,RCV2212,253.08,INR,UPI,Pune,India,Jewellery,transfer,39.36,0,0,0,0
T100212,2024-01-01 01:26:00,SND1016,RCV2110,2144.47,INR,UPI,Mumbai,India,Travel,payment,19.27,0,0,1,0
T100213,2024-01-03 06:14:00,SND1150,RCV2125,57.02,INR,UPI,Jaipur,India,Grocery,payment,26.73,0,0,0,0
T100214,2024-01-02 19:16:00,SND1174,RCV2191,728.31,INR,UPI,Kolkata,India,Grocery,payment,0.0,0,0,0,0
T100215,2024-01-05 17:44:00,SND1082,RCV2282,199.18,INR,Card,Bengaluru,India,Services,payment,14.64,0,0,0,0
T100216,2024-01-02 08:41:00,SND1001,RCV2006,4116.92,INR,IMPS,Pune,India,Services,payment,14.46,0,0,0,0
T100217,2024-01-01 14:30:00,SND1144,RCV2004,787.6,INR,UPI,Mumbai,India,Electronics,payment,22.15,0,0,1,0
T100218,2024-01-01 15:36:00,SND1195,RCV2083,1510.66,INR,UPI,Bengaluru,India,Hospitality,refund,19.59,0,0,0,0
T100219,2024-01-06 08:42:00,SND1168,RCV2218,125.39,INR,NEFT,Delhi,India,Grocery,payment,15.99,0,0,0,0
T100220,2024-01-02 06:50:00,SND1038,RCV2229,854.16,INR,RTGS,Bengaluru,India,CryptoExchange,refund,55.05,0,0,0,0
T100221,2024-01-03 19:01:00,SND1064,RCV2265,369.45,INR,Card,Chennai,India,Electronics,payment,35.21,0,0,0,0
T100222,2024-01-01 00:31:00,SND1067,RCV2136,4750.24,INR,UPI,Surat,India,Travel,payment,19.62,0,0,0,0
T100223,2024-01-01 02:56:00,SND1152,RCV2270,1088.39,INR,UPI,Bengaluru,India,Forex,refund,69.34,0,0,1,1
T100224,2024-01-01 07:24:00,SND1150,RCV2046,670.02,INR,UPI,Delhi,India,Retail,payment,30.23,0,0,0,0
T100225,2024-01-03 12:46:00,SND1037,RCV2163,1188.73,INR,UPI,Surat,India,Jewellery,payment,67.06,0,0,1,1
T100226,2024-01-01 07:41:00,SND1106,RCV2283,2957.28,INR,UPI,Chennai,India,Grocery,payout,35.82,0,0,1,0
T100227,2024-01-03 03:04:00,SND1017,RCV2149,1380.11,INR,UPI,Hyderabad,India,Jewellery,payment,41.36,0,0,0,0
T100228,2024-01-01 17:34:00,SND1120,RCV2037,1099.82,INR,IMPS,Chennai,India,Travel,transfer,16.87,0,1,0,0
T100229,2024-01-01 19:31:00,SND1022,RCV2060,2655.24,INR,IMPS,Pune,India,Electronics,transfer,39.02,0,0,0,0
T100230,2024-01-01 10:33:00,SND1079,RCV2212,131.23,INR,IMPS,Pune,India,Retail,payout,33.83,0,0,0,0
T100231,2024-01-02 07:26:00,SND1028,RCV2086,1786.01,INR,UPI,Pune,India,Grocery,transfer,27.24,0,0,0,0
T100232,2024-01-01 11:44:00,SND1032,RCV2125,3332.62,INR,UPI,Surat,India,CryptoExchange,payment,27.4,0,0,0,0
T100233,2024-01-01 13:37:00,SND1125,RCV2071,813.54,INR,IMPS,Mumbai,India,Jewellery,transfer,33.98,0,0,0,0
T100234,2024-01-03 20:08:00,SND_HF_15,RCV2204,1036.89,INR,Card,Pune,India,Retail,transfer,12.91,0,0,0,0
T100235,2024-01-01 18:06:00,SND1061,RCV2024,796.67,INR,IMPS,Surat,India,Electronics,payment,0.73,0,0,0,0
T100236,2024-01-03 09:25:00,SND1079,RCV2117,910.29,INR,UPI,Delhi,India,Grocery,payment,19.45,0,1,0,0
T100237,2024-01-01 07:46:00,SND1135,RCV2203,2048.49,INR,IMPS,Kolkata,India,CryptoExchange,payment,29.53,0,0,0,0
T100238,2024-01-02 03:17:00,SND1066,RCV2181,1416.31,INR,IMPS,Kolkata,India,Grocery,transfer,39.34,1,0,0,0
T100239,2024-01-01 22:03:00,SND1091,RCV2206,1314.88,INR,UPI,Surat,India,Hospitality,transfer,34.52,0,0,1,0
T100240,2024-01-02 13:04:00,SND1191,RCV2058,335.32,INR,IMPS,Surat,India,Services,transfer,45.5,0,0,0,0
T100241,2024-01-01 05:40:00,SND1169,RCV2266,348.95,INR,UPI,Ahmedabad,India,Forex,payout,58.45,0,0,0,0
T100242,2024-01-02 05:17:00,SND1177,RCV2278,2396.23,INR,UPI,Hyderabad,India,Jewellery,refund,23.38,0,0,0,0
T100243,2024-01-02 11:26:00,SND1134,RCV2206,2156.0,INR,UPI,Kolkata,India,Hospitality,transfer,31.01,0,0,0,0
T100244,2024-01-01 10:13:00,SND1124,RCV2162,1501.54,INR,IMPS,Hyderabad,India,Grocery,payment,45.9,0,0,1,0
T100245,2024-01-02 21:56:00,SND1181,RCV2037,10218.63,INR,UPI,Surat,India,Retail,payment,21.56,0,0,0,0
T100246,2024-01-01 12:45:00,SND_HF_27,RCV2290,230869.61,INR,Card,Mumbai,India,Hospitality,payment,64.25,0,0,0,0
T100247,2024-01-02 05:28:00,SND1024,RCV2028,885.88,INR,IMPS,Jaipur,India,Electronics,payment,36.36,0,0,0,0
T100248,2024-01-02 01:00:00,SND1058,RCV2148,1582.63,INR,IMPS,Kolkata,India,Services,payment,34.07,1,0,0,0
T100249,2024-01-01 01:51:00,SND1058,RCV2181,264.77,INR,NEFT,Kolkata,India,Grocery,payment,14.68,1,0,0,0
T100250,2024-01-05 03:01:00,SND_HF_16,RCV2058,2741.67,INR,IMPS,Hyderabad,India,Jewellery,payment,19.9,0,0,0,0
T100251,2024-01-02 05:57:00,SND1167,RCV2147,835.74,INR,UPI,Kolkata,India,Services,payout,15.31,0,0,0,0
T100252,2024-01-04 00:24:00,SND1175,RCV2214,2444.09,INR,Card,Kolkata,India,Electronics,transfer,44.38,0,0,1,0
T100253,2024-01-01 14:13:00,SND1052,RCV2272,4180.09,INR,UPI,Delhi,India,Retail,payment,41.11,0,0,1,0
T100254,2024-01-01 03:32:00,SND1051,RCV2083,2146.26,INR,Card,Ahmedabad,India,Retail,payment,28.15,0,1,0,0
T100255,2024-01-01 15:10:00,SND1163,RCV2035,2493.41,INR,UPI,Hyderabad,India,Services,payment,1.73,1,0,0,0
T100256,2024-01-02 03:37:00,SND1095,RCV2191,1066.34,INR,UPI,Bengaluru,India,Retail,payment,17.59,0,0,0,0
T100257,2024-01-01 11:02:00,SND1008,RCV2088,1660.38,INR,IMPS,Surat,India,Electronics,payment,35.54,0,0,0,0
T100258,2024-01-01 15:28:00,SND1081,RCV2200,1000.09,INR,IMPS,Pune,India,Retail,transfer,25.6,0,0,0,0
T100259,2024-01-04 01:32:00,SND1133,RCV2187,1562.38,INR,UPI,Pune,India,Services,transfer,9.37,0,0,0,0
T100260,2024-01-01 06:01:00,SND1194,RCV2236,3512.52,INR,NEFT,Hyderabad,India,Services,payment,14.75,0,0,1,0
T100261,2024-01-02 03:07:00,SND1030,RCV2189,48.34,INR,UPI,Chennai,India,Services,payment,5.06,0,1,0,0
T100262,2024-01-03 04:26:00,SND1019,RCV2272,415.91,INR,Card,Pune,India,Electronics,payment,24.38,0,0,0,0
T100263,2024-01-01 05:35:00,SND1001,RCV2285,2210.92,INR,UPI,Delhi,India,Retail,payment,17.19,0,0,0,0
T100264,2024-01-02 07:49:00,SND1179,RCV2052,63.3,INR,NEFT,Kolkata,India,Services,cash_withdrawal,29.74,0,0,0,0
T100265,2024-01-03 01:28:00,SND1184,RCV2154,726.45,INR,IMPS,Bengaluru,India,Hospitality,payment,31.36,0,0,0,0
T100266,2024-01-02 03:48:00,SND1150,RCV2101,1688345.41,INR,NEFT,Jaipur,India,Electronics,payment,39.46,0,1,0,0
T100267,2024-01-02 06:19:00,SND1005,RCV2027,4420.77,INR,IMPS,Kolkata,India,Grocery,cash_withdrawal,1.52,0,0,0,0
T100268,2024-01-02 02:06:00,SND1187,RCV2185,240.17,INR,UPI,Mumbai,India,Retail,cash_withdrawal,24.93,0,0,0,0
T100269,2024-01-01 06:00:00,SND1110,RCV2075,636.52,INR,UPI,Delhi,India,Retail,payment,20.42,1,0,0,0
T100270,2024-01-01 10:37:00,SND1066,RCV2194,95.82,INR,UPI,Jaipur,India,CryptoExchange,payment,56.89,0,0,0,0
T100271,2024-01-01 10:33:00,SND1088,RCV2148,2676.33,INR,UPI,Mumbai,India,Retail,transfer,16.45,0,0,0,0
T100272,2024-01-02 09:20:00,SND1120,RCV2069,642.29,INR,IMPS,Kolkata,India,Forex,payment,40.0,0,0,0,0
T100273,2024-01-01 02:52:00,SND1060,RCV2236,683.05,INR,UPI,Hyderabad,India,Electronics,payment,36.15,0,0,1,0
T100274,2024-01-02 11:50:00,SND1107,RCV2089,2078.45,INR,NEFT,Hyderabad,India,Grocery,transfer,11.38,1,1,0,0
T100275,2024-01-01 08:12:00,SND1100,RCV2248,677.58,INR,IMPS,Mumbai,India,Retail,payout,13.7,0,0,1,0
T100276,2024-01-02 03:09:00,SND1140,RCV2077,1260.99,INR,UPI,Ahmedabad,India,Hospitality,transfer,8.12,0,0,0,0
T100277,2024-01-04 18:28:00,SND1048,RCV2025,570.52,INR,UPI,Delhi,India,Services,payment,0.0,0,0,0,0
T100278,2024-01-01 04:07:00,SND1018,RCV2238,129.87,INR,UPI,Kolkata,India,Travel,cash_withdrawal,18.26,0,0,0,0
T100279,2024-01-01 19:34:00,SND1163,RCV2127,119.03,INR,UPI,Kolkata,India,RealEstate,payment,38.76,0,0,0,0
T100280,2024-01-02 17:16:00,SND1002,RCV2279,466.41,INR,UPI,Delhi,India,Services,cash_withdrawal,23.38,0,0,0,0
T100281,2024-01-02 01:15:00,SND1196,RCV2059,3370.75,INR,RTGS,Hyderabad,India,Services,payment,30.39,1,0,0,0
T100282,2024-01-01 18:57:00,SND1014,RCV2095,3487.81,INR,UPI,Ahmedabad,India,Retail,payment,18.58,0,0,0,0
T100283,2024-01-03 06:33:00,SND1021,RCV2149,473.72,INR,Card,Bengaluru,India,Services,payment,26.29,0,0,0,0
T100284,2024-01-01 07:21:00,SND1082,RCV2068,1196.0,INR,UPI,Delhi,India,Retail,payment,25.83,1,0,1,0
T100285,2024-01-01 00:33:00,SND1077,RCV2047,409.49,INR,UPI,Chennai,India,Services,payment,23.77,0,0,0,0
T100286,2024-01-01 01:13:00,SND1053,RCV2271,758.58,INR,UPI,Surat,India,Services,transfer,3.51,0,0,0,0
T100287,2024-01-01 00:12:00,SND1058,RCV2078,3528.92,INR,UPI,Ahmedabad,India,Retail,payment,7.82,0,0,0,0
T100288,2024-01-01 10:00:00,SND1007,RCV2207,87.82,INR,NEFT,Chennai,India,Retail,payment,0.0,0,0,0,0
T100289,2024-01-01 05:51:00,SND1105,RCV2164,260.68,INR,UPI,Hyderabad,India,Grocery,payment,14.38,1,0,0,0
T100290,2024-01-02 05:18:00,SND1018,RCV2140,5606.6,INR,UPI,Kolkata,India,Services,payment,12.96,0,0,0,0
T100291,2024-01-02 13:16:00,SND1131,RCV2004,2018.84,INR,UPI,Surat,India,Retail,cash_withdrawal,0.0,1,0,0,0
T100292,2024-01-01 04:09:00,SND1158,RCV2188,6327.12,INR,IMPS,Kolkata,India,Grocery,refund,20.14,0,1,0,0
T100293,2024-01-01 10:54:00,SND1138,RCV2003,1122.25,INR,UPI,Mumbai,India,Services,cash_withdrawal,51.56,0,0,0,0
T100294,2024-01-01 09:43:00,SND1023,RCV2018,5815.71,INR,RTGS,Bengaluru,India,Grocery,transfer,45.01,0,0,0,0
T100295,2024-01-01 10:45:00,SND_HF_10,RCV2297,1482.57,INR,IMPS,Surat,India,Electronics,transfer,42.85,0,0,0,0
T100296,2024-01-01 04:00:00,SND1079,RCV2088,615.14,INR,UPI,Jaipur,India,CryptoExchange,transfer,39.62,0,0,0,0
T100297,2024-01-02 09:27:00,SND1056,RCV2284,1354.79,INR,UPI,Pune,India,Jewellery,payment,45.23,0,0,0,0
T100298,2024-01-01 17:23:00,SND1197,RCV2021,1805.16,INR,Card,Jaipur,India,Electronics,transfer,39.56,0,0,1,0
T100299,2024-01-04 14:01:00,SND1148,RCV2230,1511800.5,INR,UPI,Pune,India,RealEstate,payment,86.49,0,0,0,0
T100300,2024-01-02 10:58:00,SND1108,RCV2103,542.41,INR,IMPS,Chennai,India,Travel,payment,37.55,0,0,0,0
T100301,2024-01-01 02:57:00,SND1152,RCV2218,159.67,INR,UPI,Pune,India,Retail,transfer,22.01,0,0,1,0
T100302,2024-01-01 02:16:00,SND1019,RCV2192,980.72,INR,UPI,Delhi,India,Travel,transfer,8.12,0,0,0,0
T100303,2024-01-02 15:24:00,SND1108,RCV2166,1049.6,INR,IMPS,Jaipur,India,Electronics,payment,14.01,0,0,0,0
T100304,2024-01-01 04:28:00,SND1041,RCV2114,1331.25,INR,NEFT,Kolkata,India,CryptoExchange,transfer,25.97,1,0,0,0
T100305,2024-01-02 00:41:00,SND1018,RCV2229,260.71,INR,Card,Ahmedabad,India,Forex,transfer,38.92,0,0,1,1
T100306,2024-01-02 16:19:00,SND1109,RCV2050,41.73,INR,UPI,Jaipur,India,Services,transfer,29.4,0,0,0,0
T100307,2024-01-02 02:39:00,SND1172,RCV2027,646.11,INR,IMPS,Bengaluru,India,Retail,payment,22.8,1,0,1,0
T100308,2024-01-01 04:02:00,SND1092,RCV2109,813.77,INR,UPI,Chennai,India,Grocery,refund,22.59,0,0,0,0
T100309,2024-01-02 06:41:00,SND1124,RCV2160,755.74,INR,UPI,Mumbai,India,Forex,transfer,36.96,1,0,1,1
T100310,2024-01-01 04:07:00,SND1151,RCV2243,1261.55,INR,Card,Delhi,India,Retail,payout,35.93,0,0,0,0
T100311,2024-01-01 12:48:00,SND1175,RCV2131,577.53,INR,IMPS,Kolkata,India,Hospitality,payment,22.51,0,0,0,0
T100312,2024-01-05 21:56:00,SND1133,RCV2199,960.96,INR,UPI,Chennai,India,Retail,payout,25.98,0,0,0,0
T100313,2024-01-01 00:25:00,SND1028,RCV2189,1423.87,INR,UPI,Hyderabad,India,Retail,payment,12.66,0,0,0,0
T100314,2024-01-03 12:08:00,SND1094,RCV2067,470.75,INR,NEFT,Ahmedabad,India,RealEstate,transfer,55.59,0,0,0,0
T100315,2024-01-02 06:58:00,SND1178,RCV2264,2578.95,INR,IMPS,Chennai,India,Hospitality,payment,28.61,0,0,1,0
T100316,2024-01-01 19:26:00,SND1110,RCV2265,743.37,INR,UPI,Hyderabad,India,Jewellery,payment,44.24,0,0,1,0
T100317,2024-01-02 04:26:00,SND1076,RCV2008,4830.5,INR,UPI,Pune,India,Retail,payment,14.36,0,0,1,0
T100318,2024-01-05 01:16:00,SND1109,RCV2011,2398.02,INR,IMPS,Jaipur,India,Retail,payment,36.58,1,0,1,0
T100319,2024-01-01 11:13:00,SND_HF_25,RCV2091,803.46,INR,UPI,Ahmedabad,India,CryptoExchange,payment,39.27,0,1,0,0
T100320,2024-01-02 02:36:00,SND1023,RCV2093,288.6,INR,UPI,Delhi,India,Hospitality,transfer,0.0,0,0,0,0
T100321,2024-01-01 14:21:00,SND1146,RCV2025,2673.44,INR,UPI,Jaipur,India,CryptoExchange,transfer,76.92,1,0,0,0
T100322,2024-01-01 10:36:00,SND1187,RCV2027,3029.62,INR,UPI,Surat,India,Services,transfer,49.53,0,0,1,0
T100323,2024-01-02 09:23:00,SND1162,RCV2045,1514312.22,INR,NEFT,Surat,India,Services,cash_withdrawal,46.35,0,0,0,0
T100324,2024-01-01 22:02:00,SND1150,RCV2076,1295.6,INR,UPI,Jaipur,India,Retail,payment,11.95,0,1,0,0
T100325,2024-01-01 13:22:00,SND1108,RCV2020,1422.83,INR,UPI,Pune,India,Electronics,cash_withdrawal,30.74,1,0,1,0
T100326,2024-01-01 12:48:00,SND1040,RCV2248,153.62,INR,UPI,Delhi,India,Services,payment,6.63,0,0,0,0
T100327,2024-01-02 00:33:00,SND1189,RCV2152,2977.11,INR,NEFT,Jaipur,India,Electronics,refund,19.07,0,0,0,0
T100328,2024-01-01 09:50:00,SND1041,RCV2235,738.55,INR,UPI,Hyderabad,India,Forex,payment,33.63,0,0,0,0
T100329,2024-01-01 00:29:00,SND1124,RCV2014,2996.93,INR,UPI,Surat,India,Services,payment,25.99,0,0,0,0
T100330,2024-01-02 03:42:00,SND1145,RCV2092,8698.63,INR,IMPS,Jaipur,India,Services,payment,25.04,0,0,1,0
T100331,2024-01-03 17:19:00,SND1119,RCV2036,2138.48,INR,IMPS,Delhi,India,Travel,cash_withdrawal,16.59,0,0,1,0
T100332,2024-01-01 16:15:00,SND1178,RCV2222,5066.25,INR,UPI,Mumbai,India,Retail,cash_withdrawal,48.89,0,0,1,0
T100333,2024-01-01 07:42:00,SND1083,RCV2213,480.34,INR,UPI,Ahmedabad,India,Hospitality,transfer,4.28,0,0,0,0
T100334,2024-01-02 11:44:00,SND1099,RCV2143,183.14,INR,UPI,Kolkata,India,Grocery,payment,9.49,0,0,0,0
T100335,2024-01-01 13:15:00,SND1182,RCV2151,428.72,INR,UPI,Bengaluru,India,Retail,payment,33.24,0,0,0,0
T100336,2024-01-01 08:57:00,SND1058,RCV2275,2303.28,INR,IMPS,Mumbai,India,Forex,payment,56.75,0,0,0,0
T100337,2024-01-01 08:11:00,SND1198,RCV2040,1703.51,INR,NEFT,Kolkata,India,Forex,payment,56.84,0,0,0,0
T100338,2024-01-04 18:32:00,SND1098,RCV2252,239.72,INR,UPI,Kolkata,India,Retail,payment,21.09,0,0,0,0
T100339,2024-01-04 22:56:00,SND1104,RCV2188,26.16,INR,NEFT,Mumbai,India,Retail,payment,22.81,0,0,0,0
T100340,2024-01-01 20:42:00,SND1158,RCV2037,768.15,INR,UPI,Chennai,India,CryptoExchange,payment,20.7,0,0,0,0
T100341,2024-01-01 18:05:00,SND1016,RCV2129,1631.74,INR,IMPS,Mumbai,India,Services,payment,0.0,0,0,0,0
T100342,2024-01-01 07:36:00,SND1196,RCV2264,1089.17,INR,UPI,Delhi,India,Retail,payment,22.24,0,0,1,0
T100343,2024-01-01 23:56:00,SND1081,RCV2058,1912.6,INR,UPI,Kolkata,India,Services,payment,15.67,0,0,0,0
T100344,2024-01-02 08:39:00,SND1183,RCV2112,1698.61,INR,NEFT,Delhi,India,Services,payment,16.81,0,0,0,0
T100345,2024-01-02 22:49:00,SND1192,RCV2051,476.07,INR,NEFT,Jaipur,India,Retail,payment,42.56,0,0,0,0
T100346,2024-01-03 10:34:00,SND1165,RCV2181,409.01,INR,UPI,Bengaluru,India,Grocery,payment,10.73,0,0,0,0
T100347,2024-01-02 20:34:00,SND1041,RCV2030,1861.13,INR,Card,Hyderabad,India,Grocery,payment,1.29,0,0,0,0
T100348,2024-01-01 04:24:00,SND_HF_18,RCV2197,4676.65,INR,UPI,Chennai,India,Retail,payment,0.0,1,0,0,0
T100349,2024-01-01 00:28:00,SND1186,RCV2180,521.56,INR,UPI,Kolkata,India,Hospitality,payment,18.68,0,0,0,0
T100350,2024-01-01 19:45:00,SND1139,RCV2287,1643.12,INR,UPI,Surat,India,Retail,payment,12.45,0,0,0,0
T100351,2024-01-01 14:28:00,SND1035,RCV2191,1846.04,INR,NEFT,Surat,India,Retail,cash_withdrawal,18.58,0,0,0,0
T100352,2024-01-02 08:55:00,SND1086,RCV2096,3755.12,INR,IMPS,Delhi,India,Services,transfer,48.35,0,0,0,0
T100353,2024-01-02 14:54:00,SND1148,RCV2208,5161.02,INR,RTGS,Bengaluru,India,CryptoExchange,refund,49.15,0,0,1,1
T100354,2024-01-01 21:06:00,SND1185,RCV2291,809.37,INR,UPI,Hyderabad,India,Retail,payment,26.76,0,0,0,0
T100355,2024-01-02 02:17:00,SND1109,RCV2144,2844.96,INR,UPI,Ahmedabad,India,Electronics,cash_withdrawal,30.61,0,0,0,0
T100356,2024-01-02 21:06:00,SND1148,RCV2151,3148.65,INR,IMPS,Kolkata,India,Services,payment,39.89,0,0,0,0
T100357,2024-01-02 06:19:00,SND1106,RCV2204,948.33,INR,UPI,Bengaluru,India,Retail,payment,10.21,0,0,0,0
T100358,2024-01-03 10:56:00,SND1130,RCV2297,543.37,INR,UPI,Ahmedabad,India,Grocery,payment,14.1,0,0,0,0
T100359,2024-01-02 21:06:00,SND_HF_22,RCV2128,780.94,INR,RTGS,Surat,India,Forex,payment,52.41,0,0,1,1
T100360,2024-01-01 03:59:00,SND1077,RCV2025,728.22,INR,UPI,Kolkata,India,Travel,cash_withdrawal,6.74,0,0,0,0
T100361,2024-01-01 09:41:00,SND1097,RCV2148,11.42,INR,UPI,Jaipur,India,Grocery,payment,0.0,0,0,0,0
T100362,2024-01-03 16:49:00,SND1045,RCV2267,2912.24,INR,UPI,Bengaluru,India,Grocery,refund,14.76,0,0,0,0
T100363,2024-01-01 21:22:00,SND1047,RCV2083,148.39,INR,IMPS,Chennai,India,Retail,payment,8.41,0,0,0,0
T100364,2024-01-02 09:37:00,SND1092,RCV2153,593.06,INR,NEFT,Ahmedabad,India,Services,transfer,3.7,0,0,0,0
T100365,2024-01-02 01:19:00,SND1009,RCV2144,2513.56,INR,UPI,Pune,India,Forex,payment,19.15,0,0,0,0
T100366,2024-01-04 13:17:00,SND1080,RCV2261,1658.0,INR,NEFT,Jaipur,India,Grocery,payment,26.23,0,0,0,0
T100367,2024-01-01 16:14:00,SND1013,RCV2241,1235.25,INR,UPI,Pune,India,Services,payment,10.07,0,0,0,0
T100368,2024-01-03 18:08:00,SND1085,RCV2144,107.78,INR,UPI,Ahmedabad,India,Services,payment,0.0,0,0,0,0
T100369,2024-01-01 03:44:00,SND1095,RCV2297,1064.53,INR,IMPS,Surat,India,Forex,payment,34.62,1,0,1,1
T100370,2024-01-01 01:32:00,SND1032,RCV2017,759.49,INR,NEFT,Bengaluru,India,Forex,payment,8.6,0,0,0,0
T100371,2024-01-05 16:58:00,SND1185,RCV2160,1820.29,INR,UPI,Bengaluru,India,Travel,payment,3.17,0,0,0,0
T100372,2024-01-01 03:21:00,SND1033,RCV2017,1423.81,INR,NEFT,Bengaluru,India,Grocery,payout,30.51,1,1,0,0
T100373,2024-01-01 15:46:00,SND_HF_7,RCV2281,646.65,INR,UPI,Jaipur,India,Grocery,payout,62.22,0,0,0,0
T100374,2024-01-01 04:41:00,SND1177,RCV2247,2153.18,INR,RTGS,Kolkata,India,Hospitality,payment,28.45,1,0,0,0
T100375,2024-01-01 05:20:00,SND1167,RCV2122,2208.4,INR,UPI,Chennai,India,Electronics,payment,0.14,0,0,0,0
T100376,2024-01-01 23:27:00,SND1068,RCV2181,203.02,INR,Card,Delhi,India,Hospitality,cash_withdrawal,3.52,0,0,0,0
T100377,2024-01-02 16:13:00,SND1199,RCV2073,412.97,INR,UPI,Bengaluru,India,Electronics,payment,41.31,0,0,1,0
T100378,2024-01-01 13:47:00,SND1097,RCV2008,308.88,INR,Card,Jaipur,India,Grocery,transfer,43.38,0,0,1,0
T100379,2024-01-01 02:00:00,SND1068,RCV2000,667.29,INR,UPI,Ahmedabad,India,Forex,payout,8.03,0,0,0,0
T100380,2024-01-02 16:15:00,SND1067,RCV2048,1634.15,INR,UPI,Ahmedabad,India,Electronics,payment,18.4,0,0,0,0
T100381,2024-01-01 19:32:00,SND1191,RCV2194,140.34,INR,IMPS,Pune,India,Grocery,payment,37.24,1,0,0,0
T100382,2024-01-01 08:18:00,SND1180,RCV2150,1088.05,INR,UPI,Delhi,India,Hospitality,transfer,2.72,0,0,0,0
T100383,2024-01-01 07:29:00,SND1171,RCV2033,20.75,INR,UPI,Jaipur,India,Retail,payout,26.13,0,0,0,0
T100384,2024-01-01 01:42:00,SND1135,RCV2230,2187.81,INR,UPI,Mumbai,India,Hospitality,payment,55.24,0,1,0,0
T100385,2024-01-01 00:21:00,SND1077,RCV2220,6488.59,INR,UPI,Hyderabad,India,Services,transfer,9.26,0,0,1,0
T100386,2024-01-04 17:07:00,SND1115,RCV2181,467.18,INR,UPI,Hyderabad,India,Services,transfer,30.32,0,0,0,0
T100387,2024-01-02 19:38:00,SND1054,RCV2171,551.93,INR,Card,Pune,India,Grocery,payment,44.61,0,0,0,0
T100388,2024-01-04 20:29:00,SND1134,RCV2041,1166.79,INR,UPI,Delhi,India,Grocery,transfer,24.87,0,0,0,0
T100389,2024-01-06 06:24:00,SND1196,RCV2195,396.72,INR,NEFT,Chennai,India,Jewellery,cash_withdrawal,17.23,0,0,0,0
T100390,2024-01-01 16:10:00,SND_HF_9,RCV2270,623.86,INR,NEFT,Bengaluru,India,Grocery,transfer,28.84,0,0,1,0
T100391,2024-01-01 06:41:00,SND1085,RCV2026,1603.48,INR,IMPS,Delhi,India,Services,payment,8.98,0,0,0,0
T100392,2024-01-01 20:24:00,SND1136,RCV2199,4770.07,INR,UPI,Kolkata,India,Hospitality,payment,11.85,1,0,1,0
T100393,2024-01-03 09:29:00,SND1000,RCV2139,1872.82,INR,UPI,Pune,India,Grocery,payment,8.57,0,0,0,0
T100394,2024-01-02 14:06:00,SND_HF_18,RCV2044,365.43,INR,IMPS,Hyderabad,India,Hospitality,payment,13.36,0,0,0,0
T100395,2024-01-01 14:14:00,SND1006,RCV2003,1894.82,INR,UPI,Bengaluru,India,Grocery,transfer,14.88,0,0,0,0
T100396,2024-01-06 04:57:00,SND1186,RCV2167,676.3,INR,UPI,Jaipur,India,Hospitality,payout,13.86,0,0,1,0
T100397,2024-01-02 16:18:00,SND1076,RCV2170,890.98,INR,UPI,Bengaluru,India,Electronics,payment,35.09,0,0,0,0
T100398,2024-01-01 08:30:00,SND1180,RCV2012,265.05,INR,IMPS,Bengaluru,India,Grocery,payment,34.12,0,0,0,0
T100399,2024-01-01 01:45:00,SND1074,RCV2065,209.63,INR,RTGS,Delhi,India,Electronics,payment,22.88,1,0,0,0
T100400,2024-01-02 16:59:00,SND1090,RCV2165,2200.01,INR,UPI,Mumbai,India,Hospitality,payment,11.05,0,1,0,0
T100401,2024-01-01 02:49:00,SND1063,RCV2169,10447.78,INR,UPI,Hyderabad,India,Forex,payment,66.95,0,0,1,1
T100402,2024-01-04 08:30:00,SND1091,RCV2147,127.39,INR,UPI,Surat,India,Electronics,payment,9.71,0,0,0,0
T100403,2024-01-02 17:18:00,SND1094,RCV2063,1538.76,INR,UPI,Kolkata,India,Grocery,transfer,0.0,0,0,0,0
T100404,2024-01-01 02:35:00,SND1020,RCV2101,111.26,INR,IMPS,Delhi,India,Services,payment,0.0,0,0,0,0
T100405,2024-01-01 07:58:00,SND1129,RCV2068,944.37,INR,IMPS,Surat,India,Electronics,payment,23.97,0,0,0,0
T100406,2024-01-06 12:11:00,SND1132,RCV2188,1813.63,INR,UPI,Surat,India,Electronics,payment,15.17,0,0,0,0
T100407,2024-01-01 19:52:00,SND1054,RCV2154,430.87,INR,UPI,Jaipur,India,Services,payment,21.63,0,0,1,0
T100408,2024-01-04 08:40:00,SND_HF_24,RCV2275,1406.17,INR,NEFT,Jaipur,India,Retail,transfer,0.89,0,0,0,0
T100409,2024-01-02 05:32:00,SND_HF_28,RCV2165,9592.33,INR,NEFT,Jaipur,India,Forex,payment,30.56,0,0,0,0
T100410,2024-01-02 21:07:00,SND1132,RCV2041,212.2,INR,UPI,Jaipur,India,Hospitality,refund,20.37,0,0,0,0
T100411,2024-01-01 12:58:00,SND1052,RCV2081,96.78,INR,IMPS,Pune,India,Services,payment,7.72,1,0,1,0
T100412,2024-01-05 06:35:00,SND1104,RCV2045,378.33,INR,NEFT,Surat,India,Grocery,payment,9.9,0,0,0,0
T100413,2024-01-02 04:26:00,SND1010,RCV2217,901.23,INR,UPI,Surat,India,Retail,cash_withdrawal,10.39,0,0,0,0
T100414,2024-01-01 20:24:00,SND1006,RCV2160,1613.13,INR,Card,Pune,India,Electronics,payment,5.23,0,0,0,0
T100415,2024-01-03 08:50:00,SND1035,RCV2216,1090.04,INR,UPI,Bengaluru,India,Retail,refund,28.77,0,0,1,0
T100416,2024-01-04 13:46:00,SND1180,RCV2168,400.87,INR,UPI,Pune,India,Retail,payment,16.09,0,0,0,0
T100417,2024-01-01 13:56:00,SND1001,RCV2237,1745.88,INR,UPI,Surat,India,Electronics,transfer,1.42,1,0,0,0
T100418,2024-01-01 16:05:00,SND1139,RCV2269,567.4,INR,IMPS,Surat,India,Grocery,cash_withdrawal,12.82,0,0,1,0
T100419,2024-01-01 05:54:00,SND1152,RCV2119,1721.78,INR,UPI,Delhi,India,Retail,transfer,54.4,0,0,0,0
T100420,2024-01-02 06:12:00,SND_HF_10,RCV2209,302.84,INR,UPI,Jaipur,India,Electronics,payment,23.33,0,0,0,0
T100421,2024-01-01 04:51:00,SND1158,RCV2233,543.78,INR,UPI,Bengaluru,India,Electronics,payment,21.17,1,0,0,0
T100422,2024-01-02 00:05:00,SND1178,RCV2299,93.82,INR,UPI,Hyderabad,India,Retail,payment,30.88,0,0,0,0
T100423,2024-01-02 17:06:00,SND1055,RCV2161,119.98,INR,UPI,Pune,India,Electronics,payment,22.05,0,0,0,0
T100424,2024-01-01 16:29:00,SND1048,RCV2010,820.34,INR,UPI,Ahmedabad,India,Retail,refund,14.15,0,0,0,0
T100425,2024-01-03 23:13:00,SND1110,RCV2275,1647.48,INR,UPI,Ahmedabad,India,Travel,cash_withdrawal,0.0,0,0,0,0
T100426,2024-01-01 07:25:00,SND1156,RCV2168,3165.34,INR,UPI,Pune,India,Grocery,payment,8.02,1,0,0,0
T100427,2024-01-02 20:45:00,SND1155,RCV2278,1821.69,INR,UPI,Surat,India,Grocery,cash_withdrawal,0.0,0,0,0,0
T100428,2024-01-04 10:51:00,SND1045,RCV2105,1333.69,INR,UPI,Surat,India,Retail,payment,30.34,0,0,0,0
T100429,2024-01-02 09:47:00,SND1050,RCV2103,1473.08,INR,UPI,Chennai,India,Electronics,payment,12.22,0,0,0,0
T100430,2024-01-04 17:54:00,SND1034,RCV2119,676.52,INR,NEFT,Bengaluru,India,Retail,cash_withdrawal,27.2,0,0,0,0
T100431,2024-01-02 13:18:00,SND1062,RCV2011,612.77,INR,UPI,Ahmedabad,India,Grocery,transfer,4.17,0,0,0,0
T100432,2024-01-01 11:00:00,SND1059,RCV2298,174.11,INR,IMPS,Bengaluru,India,Grocery,payment,34.27,1,0,0,0
T100433,2024-01-02 07:55:00,SND1064,RCV2293,2508.5,INR,UPI,Surat,India,Retail,payment,27.9,1,0,0,0
T100434,2024-01-02 14:57:00,SND1130,RCV2203,1181.42,INR,Card,Chennai,India,Electronics,cash_withdrawal,55.83,0,1,0,0
T100435,2024-01-01 01:31:00,SND1086,RCV2104,289122.73,INR,NEFT,Surat,India,Retail,payment,74.66,0,0,1,1
T100436,2024-01-02 14:26:00,SND1129,RCV2025,252.69,INR,NEFT,Bengaluru,India,Services,payment,8.72,0,0,0,0
T100437,2024-01-01 10:19:00,SND1184,RCV2068,2110.44,INR,UPI,Delhi,India,CryptoExchange,transfer,33.14,0,1,0,0
T100438,2024-01-04 11:11:00,SND1111,RCV2136,34.07,INR,NEFT,Delhi,India,Travel,payment,6.15,0,0,0,0
T100439,2024-01-01 18:02:00,SND1196,RCV2015,196.62,INR,UPI,Chennai,India,Retail,payment,2.62,0,0,0,0
T100440,2024-01-05 04:02:00,SND1141,RCV2157,1028.82,INR,UPI,Pune,India,Grocery,payment,52.07,0,0,0,0
T100441,2024-01-04 07:39:00,SND1119,RCV2083,5757.8,INR,IMPS,Surat,India,Retail,payment,39.77,0,0,0,0
T100442,2024-01-01 11:26:00,SND1011,RCV2020,720.65,INR,UPI,Jaipur,India,Grocery,payment,15.0,0,0,0,0
T100443,2024-01-01 11:13:00,SND1054,RCV2197,1323.54,INR,UPI,Jaipur,India,Retail,payout,22.73,0,0,0,0
T100444,2024-01-04 06:47:00,SND1105,RCV2231,207.84,INR,UPI,Hyderabad,India,Travel,payment,19.8,0,1,0,0
T100445,2024-01-02 01:01:00,SND1157,RCV2234,2441.31,INR,IMPS,Kolkata,India,Travel,payment,32.97,0,0,1,0
T100446,2024-01-03 22:43:00,SND1106,RCV2129,1535.62,INR,RTGS,Hyderabad,India,CryptoExchange,transfer,7.17,0,0,0,0
T100447,2024-01-01 23:55:00,SND1117,RCV2190,295.64,INR,IMPS,Ahmedabad,India,Retail,payment,12.06,0,0,0,0
T100448,2024-01-03 12:16:00,SND1187,RCV2150,450.88,INR,UPI,Jaipur,India,Electronics,payment,0.0,0,0,0,0
T100449,2024-01-01 05:47:00,SND1005,RCV2066,1281.82,INR,UPI,Pune,India,Jewellery,payment,42.39,0,0,1,0
T100450,2024-01-01 14:52:00,SND1087,RCV2228,342.86,INR,Card,Hyderabad,India,Retail,payment,13.63,1,0,0,0
T100451,2024-01-04 12:12:00,SND1162,RCV2041,626.95,INR,UPI,Ahmedabad,India,Travel,payout,27.5,0,0,0,0
T100452,2024-01-01 03:41:00,SND1097,RCV2102,33.14,INR,IMPS,Pune,India,Travel,payment,7.82,0,0,0,0
T100453,2024-01-03 02:34:00,SND1111,RCV2229,1221.49,INR,UPI,Surat,India,Services,payment,15.88,0,0,0,0
T100454,2024-01-02 12:32:00,SND1198,RCV2057,814.61,INR,UPI,Surat,India,Retail,payment,34.34,0,0,1,0
T100455,2024-01-01 16:24:00,SND1146,RCV2212,7034.5,INR,IMPS,Bengaluru,India,Services,payment,22.08,0,0,0,0
T100456,2024-01-06 12:51:00,SND1106,RCV2220,1676.93,INR,RTGS,Mumbai,India,Hospitality,cash_withdrawal,28.66,0,0,0,0
T100457,2024-01-03 06:17:00,SND1154,RCV2288,239.06,INR,UPI,Ahmedabad,India,Services,payment,39.54,1,0,0,0
T100458,2024-01-01 12:50:00,SND1083,RCV2251,1826.78,INR,UPI,Hyderabad,India,Hospitality,payment,42.93,0,0,0,0
T100459,2024-01-01 15:15:00,SND1095,RCV2272,1002.04,INR,IMPS,Jaipur,India,Grocery,payment,18.78,0,0,1,0
T100460,2024-01-02 14:30:00,SND1114,RCV2064,843.47,INR,UPI,Jaipur,India,Services,payment,10.14,1,0,0,0
T100461,2024-01-01 23:41:00,SND1055,RCV2055,3468.57,INR,RTGS,Bengaluru,India,CryptoExchange,transfer,40.76,0,0,0,0
T100462,2024-01-06 10:24:00,SND1057,RCV2102,67.38,INR,NEFT,Surat,India,Grocery,payment,4.78,0,0,0,0
T100463,2024-01-02 09:05:00,SND1113,RCV2142,1060.92,INR,IMPS,Chennai,India,Grocery,cash_withdrawal,10.12,0,0,1,0
T100464,2024-01-02 21:04:00,SND1030,RCV2140,52.35,INR,UPI,Pune,India,Travel,payment,16.02,0,0,0,0
T100465,2024-01-01 05:02:00,SND1111,RCV2154,881.34,INR,IMPS,Mumbai,India,Jewellery,transfer,54.78,0,0,0,0
T100466,2024-01-01 00:47:00,SND1037,RCV2104,360.32,INR,UPI,Pune,India,Grocery,payment,0.0,0,0,0,0
T100467,2024-01-07 04:28:00,SND1170,RCV2225,869.24,INR,UPI,Delhi,India,Grocery,transfer,1.25,0,0,0,0
T100468,2024-01-01 09:41:00,SND1120,RCV2091,1654.28,INR,UPI,Surat,India,Retail,payment,34.34,0,0,1,0
T100469,2024-01-02 02:44:00,SND_HF_26,RCV2112,1047.23,INR,NEFT,Hyderabad,India,Forex,payment,60.69,0,0,0,0
T100470,2024-01-05 03:03:00,SND1137,RCV2044,119.74,INR,Card,Kolkata,India,Travel,payment,41.08,0,0,0,0
T100471,2024-01-02 08:25:00,SND1103,RCV2212,1500.86,INR,UPI,Bengaluru,India,Services,payment,16.38,0,0,0,0
T100472,2024-01-01 05:57:00,SND1112,RCV2137,418.13,INR,UPI,Chennai,India,Retail,payment,10.25,1,0,1,0
T100473,2024-01-01 02:57:00,SND1190,RCV2219,2901.53,INR,RTGS,Pune,India,Electronics,payout,29.16,1,0,0,0
T100474,2024-01-02 09:11:00,SND1030,RCV2014,2014.65,INR,NEFT,Delhi,India,Services,transfer,23.79,0,0,0,0
T100475,2024-01-03 17:09:00,SND1040,RCV2060,3901.18,INR,IMPS,Pune,India,Travel,refund,26.72,0,0,0,0
T100476,2024-01-02 00:23:00,SND1152,RCV2192,243.99,INR,UPI,Mumbai,India,Electronics,payment,4.57,1,0,0,0
T100477,2024-01-01 00:03:00,SND1163,RCV2144,314.67,INR,NEFT,Chennai,India,Retail,transfer,6.87,1,0,0,0
T100478,2024-01-02 21:52:00,SND_HF_14,RCV2055,131.62,INR,IMPS,Ahmedabad,India,Electronics,payment,34.88,0,0,1,0
T100479,2024-01-02 12:52:00,SND1045,RCV2140,328.05,INR,IMPS,Ahmedabad,India,Travel,refund,22.69,0,0,0,0
T100480,2024-01-01 00:59:00,SND1171,RCV2295,1370.97,INR,UPI,Jaipur,India,Jewellery,payment,45.34,0,0,0,0
T100481,2024-01-01 09:29:00,SND1133,RCV2021,1348.02,INR,UPI,Ahmedabad,India,Travel,payment,3.82,0,0,0,0
T100482,2024-01-03 08:51:00,SND1035,RCV2266,2049.74,INR,UPI,Kolkata,India,Retail,transfer,53.19,0,0,0,0
T100483,2024-01-01 02:58:00,SND1187,RCV2270,1033.6,INR,IMPS,Kolkata,India,Travel,payment,25.87,0,0,0,0
T100484,2024-01-01 19:12:00,SND1104,RCV2083,443.91,INR,UPI,Surat,India,Travel,payment,37.0,0,0,0,0
T100485,2024-01-01 02:31:00,SND1139,RCV2081,500.97,INR,NEFT,Kolkata,India,Electronics,payment,12.22,1,0,0,0
T100486,2024-01-01 09:43:00,SND_HF_6,RCV2237,2103.58,INR,UPI,Chennai,India,Jewellery,payment,44.78,0,0,0,0
T100487,2024-01-01 11:06:00,SND1159,RCV2025,668.99,INR,IMPS,Delhi,India,Electronics,payment,2.58,1,0,0,0
T100488,2024-01-03 15:31:00,SND1128,RCV2052,396.84,INR,UPI,Jaipur,India,Electronics,transfer,24.26,0,0,0,0
T100489,2024-01-01 08:44:00,SND1196,RCV2036,2064.06,INR,UPI,Surat,India,Hospitality,payment,23.86,0,0,0,0
T100490,2024-01-01 00:08:00,SND1106,RCV2131,1860.61,INR,UPI,Ahmedabad,India,Services,payment,22.63,0,0,0,0
T100491,2024-01-02 13:53:00,SND1187,RCV2104,1105.71,INR,NEFT,Ahmedabad,India,Retail,payment,5.52,0,0,0,0
T100492,2024-01-01 11:16:00,SND1048,RCV2187,513.6,INR,IMPS,Surat,India,Services,payment,14.79,1,0,0,0
T100493,2024-01-01 06:00:00,SND1050,RCV2100,6813.46,INR,UPI,Delhi,India,Grocery,payment,31.56,0,0,0,0
T100494,2024-01-03 02:13:00,SND1033,RCV2032,2632.09,INR,UPI,Mumbai,India,Retail,transfer,6.86,0,0,0,0
T100495,2024-01-01 03:27:00,SND1141,RCV2297,1159.91,INR,IMPS,Mumbai,India,Travel,payment,7.13,0,0,0,0
T100496,2024-01-01 01:46:00,SND1144,RCV2047,220.41,INR,UPI,Hyderabad,India,Services,payment,28.04,0,0,0,0
T100497,2024-01-01 08:53:00,SND1093,RCV2105,4923.01,INR,UPI,Delhi,India,Retail,payment,28.29,0,0,1,0
T100498,2024-01-01 15:13:00,SND1122,RCV2298,3703.24,INR,UPI,Surat,India,Travel,payment,34.23,0,0,0,0
T100499,2024-01-03 16:23:00,SND1110,RCV2144,1393.62,INR,UPI,Jaipur,India,Services,refund,12.87,1,0,0,0
